{"stats":{"minecraft:picked_up":{"minecraft:flint":1,"minecraft:gravel":6},"minecraft:mined":{"minecraft:gravel":7},"minecraft:custom":{"minecraft:jump":159,"minecraft:time_since_rest":5162,"minecraft:crouch_one_cm":144,"lootr:looted_stat":1,"minecraft:sprint_one_cm":17054,"minecraft:play_time":5162,"minecraft:walk_on_water_one_cm":2172,"minecraft:time_since_death":5162,"minecraft:walk_one_cm":15845,"minecraft:sneak_time":127,"minecraft:total_world_time":5162,"minecraft:walk_under_water_one_cm":182,"minecraft:swim_one_cm":9396,"minecraft:drop":1,"minecraft:fall_one_cm":3402,"minecraft:fly_one_cm":271740,"minecraft:open_chest":1},"minecraft:used":{"minecraft:bread":1,"minecraft:gravel":6},"minecraft:dropped":{"minecraft:flint":1}},"DataVersion":2975}